grid_id,net_generation_mwh,fuel_type,year
1,287,DFO,2021
2,2004,DFO,2021
3,225,DFO,2021
4,515,DFO,2021
4,168,WAT,2021
5,662,DFO,2021
7,518,DFO,2021
9,866,DFO,2021
9,11,SUN,2021
11,105,DFO,2021
12,1096,DFO,2021
14,37759,WAT,2021
14,16457,DFO,2021
14,-85,MWH,2021
15,10384,DFO,2021
23,30596,WAT,2021
23,1652,DFO,2021
26,1424,DFO,2021
32,24042,WAT,2021
32,2873,DFO,2021
34,41602,DFO,2021
34,1341,WND,2021
35,1331,DFO,2021
36,400,DFO,2021
39,1321,DFO,2021
40,1795,DFO,2021
40,843,WND,2021
41,1221,DFO,2021
43,1371,DFO,2021
45,5356,DFO,2021
45,563,WND,2021
46,2213,DFO,2021
46,37,WND,2021
47,780,DFO,2021
48,612,DFO,2021
49,576,DFO,2021
50,3313,DFO,2021
50,347,WND,2021
51,1106,DFO,2021
52,1545,DFO,2021
54,671,DFO,2021
54,7,SUN,2021
55,2467,DFO,2021
55,322,WND,2021
57,1715,DFO,2021
58,1874,DFO,2021
59,2179,DFO,2021
60,1287,DFO,2021
61,1565,DFO,2021
62,920,DFO,2021
62,4,WND,2021
63,768,DFO,2021
65,1922,DFO,2021
66,1853,DFO,2021
67,1963,DFO,2021
67,13,SUN,2021
68,1071,DFO,2021
69,809,DFO,2021
70,1877,DFO,2021
71,1779,DFO,2021
71,561,WND,2021
72,951,DFO,2021
75,3650,DFO,2021
75,2061,WND,2021
76,2473,DFO,2021
76,55,WND,2021
77,1711,DFO,2021
78,2860,DFO,2021
79,434,DFO,2021
80,817,DFO,2021
80,293,WND,2021
81,1851,DFO,2021
84,3564,DFO,2021
85,873,DFO,2021
86,3271,DFO,2021
88,3270,DFO,2021
88,446,WND,2021
90,661,DFO,2021
91,6507,DFO,2021
92,207,DFO,2021
93,2671,DFO,2021
94,467,DFO,2021
95,310,WAT,2021
95,57,DFO,2021
96,1113,DFO,2021
97,91,DFO,2021
98,82,DFO,2021
99,1696,DFO,2021
99,240,WND,2021
100,51,DFO,2021
101,219,DFO,2021
102,514,DFO,2021
102,18,WAT,2021
103,190,DFO,2021
104,666,DFO,2021
105,431,DFO,2021
106,422,DFO,2021
107,414,DFO,2021
110,399,DFO,2021
111,648,DFO,2021
112,375,DFO,2021
113,661,DFO,2021
114,2425,DFO,2021
115,5361,DFO,2021
116,460,DFO,2021
117,950,DFO,2021
118,2189,WAT,2021
118,534,DFO,2021
119,2546,DFO,2021
120,537,DFO,2021
121,340,DFO,2021
121,1,WAT,2021
123,3674,WAT,2021
123,160,DFO,2021
125,1822,DFO,2021
128,3513,DFO,2021
128,1488,WAT,2021
129,1454,DFO,2021
129,855,WAT,2021
130,679,DFO,2021
130,61,WND,2021
130,43,SUN,2021
131,3483,WAT,2021
131,846,DFO,2021
132,1345,DFO,2021
132,672,WND,2021
134,499,DFO,2021
134,18,WND,2021
135,18343,DFO,2021
135,2584,WND,2021
135,594,SUN,2021
135,-86,MWH,2021
136,193,DFO,2021
137,1801,DFO,2021
138,1144,DFO,2021
138,70,WND,2021
140,459,DFO,2021
141,4,DFO,2021
142,591,DFO,2021
143,2160,DFO,2021
144,272,DFO,2021
145,291,DFO,2021
146,78,DFO,2021
147,295,DFO,2021
148,136,DFO,2021
149,1634,DFO,2021
149,16,WND,2021
150,24329,DFO,2021
153,1129,DFO,2021
154,1184,DFO,2021
156,304,DFO,2021
157,691,DFO,2021
158,433,DFO,2021
159,30209,DFO,2021
159,2026,WND,2021
160,4260,DFO,2021
161,2161,DFO,2021
162,4656,DFO,2021
163,4665,NG,2021
163,2664,DFO,2021
164,6468,DFO,2021
165,3386,DFO,2021
166,7343,DFO,2021
167,869,DFO,2021
169,19100,DFO,2021
170,668,DFO,2021
171,209,DFO,2021
172,881,WAT,2021
172,420,DFO,2021
173,462,DFO,2021
175,622,DFO,2021
176,817,DFO,2021
176,632,WND,2021
177,123,DFO,2021
178,680,DFO,2021
179,479,DFO,2021
180,3305,DFO,2021
182,61,DFO,2021
183,934,DFO,2021
184,1249,DFO,2021
185,427,DFO,2021
186,1846,DFO,2021
187,3596,DFO,2021
187,134,WND,2021
188,599,DFO,2021
189,415,DFO,2021
191,1217,DFO,2021
191,47,WND,2021
193,95,DFO,2021
194,3556,DFO,2021
194,682,WND,2021
195,92227,DFO,2021
196,281,DFO,2021
197,345,DFO,2021
198,892,DFO,2021
213,485,DFO,2021
215,2984081,NG,2021
215,567393,WAT,2021
215,386453,SUB,2021
215,375532,WO,2021
215,273652,LIG,2021
215,106468,DFO,2021
215,102061,WND,2021
215,92790,WC,2021
215,38071,LFG,2021
215,672,JF,2021
215,-3433,MWH,2021
216,58733,WAT,2021
216,25547,WO,2021
216,12132,DFO,2021
217,279424,WAT,2021
217,1278,DFO,2021
218,0,JF,2021
219,119388,WAT,2021
219,-795,DFO,2021
221,47330,NG,2021
221,1,DFO,2021
222,433223,WAT,2021
222,-1318,DFO,2021
223,132333,WAT,2021
223,25238,WND,2021
223,4,DFO,2021
223,-537,MWH,2021
224,49320,NG,2021
225,17557,WAT,2021
225,760,DFO,2021
