fips_code,name,grid_id,net_generation_mwh,fuel_type,year
0200065,Adak,186,1846,DFO,2021
0200650,Akhiok,1,287,DFO,2021
0200760,Akiachak,2,2004,DFO,2021
0200870,Akiak,3,225,DFO,2021
0201090,Akutan,4,168,WAT,2021
0201090,Akutan,4,515,DFO,2021
0201200,Alakanuk,45,5356,DFO,2021
0201200,Alakanuk,45,563,WND,2021
0201305,Alatna,5,662,DFO,2021
0201390,Alcan Border,,,,
0201420,Aleknagik,169,19100,DFO,2021
0201560,Aleneva,,,,
0201860,Allakaket,5,662,DFO,2021
0201970,Ambler,35,1331,DFO,2021
0202080,Anaktuvuk Pass,160,4260,DFO,2021
0203110,Anchor Point,215,386453,SUB,2021
0203110,Anchor Point,215,2984081,NG,2021
0203110,Anchor Point,215,106468,DFO,2021
0203110,Anchor Point,215,-3433,MWH,2021
0203110,Anchor Point,215,375532,WO,2021
0203110,Anchor Point,215,92790,WC,2021
0203110,Anchor Point,215,672,JF,2021
0203110,Anchor Point,215,567393,WAT,2021
0203110,Anchor Point,215,38071,LFG,2021
0203110,Anchor Point,215,273652,LIG,2021
0203110,Anchor Point,215,102061,WND,2021
0203000,Anchorage,215,102061,WND,2021
0203000,Anchorage,215,672,JF,2021
0203000,Anchorage,215,2984081,NG,2021
0203000,Anchorage,215,38071,LFG,2021
0203000,Anchorage,215,92790,WC,2021
0203000,Anchorage,215,567393,WAT,2021
0203000,Anchorage,215,386453,SUB,2021
0203000,Anchorage,215,-3433,MWH,2021
0203000,Anchorage,215,375532,WO,2021
0203000,Anchorage,215,106468,DFO,2021
0203000,Anchorage,215,273652,LIG,2021
0203220,Anderson,215,92790,WC,2021
0203220,Anderson,215,102061,WND,2021
0203220,Anderson,215,567393,WAT,2021
0203220,Anderson,215,672,JF,2021
0203220,Anderson,215,386453,SUB,2021
0203220,Anderson,215,375532,WO,2021
0203220,Anderson,215,38071,LFG,2021
0203220,Anderson,215,2984081,NG,2021
0203220,Anderson,215,-3433,MWH,2021
0203220,Anderson,215,273652,LIG,2021
0203220,Anderson,215,106468,DFO,2021
0203440,Angoon,125,1822,DFO,2021
0203550,Aniak,93,2671,DFO,2021
0203880,Anvik,36,400,DFO,2021
0203990,Arctic Village,94,467,DFO,2021
0204210,Atka,95,57,DFO,2021
0204210,Atka,95,310,WAT,2021
0204430,Atmautluak,96,1113,DFO,2021
0204500,Atqasuk,161,2161,DFO,2021
0204670,Attu Station,,,,
0205000,Badger,215,672,JF,2021
0205000,Badger,215,-3433,MWH,2021
0205000,Badger,215,386453,SUB,2021
0205000,Badger,215,567393,WAT,2021
0205000,Badger,215,106468,DFO,2021
0205000,Badger,215,2984081,NG,2021
0205000,Badger,215,273652,LIG,2021
0205000,Badger,215,38071,LFG,2021
0205000,Badger,215,102061,WND,2021
0205000,Badger,215,92790,WC,2021
0205000,Badger,215,375532,WO,2021
0205585,Bear Creek,215,92790,WC,2021
0205585,Bear Creek,215,2984081,NG,2021
0205585,Bear Creek,215,567393,WAT,2021
0205585,Bear Creek,215,386453,SUB,2021
0205585,Bear Creek,215,375532,WO,2021
0205585,Bear Creek,215,-3433,MWH,2021
0205585,Bear Creek,215,273652,LIG,2021
0205585,Bear Creek,215,106468,DFO,2021
0205585,Bear Creek,215,672,JF,2021
0205585,Bear Creek,215,102061,WND,2021
0205585,Bear Creek,215,38071,LFG,2021
0205750,Beaver,97,91,DFO,2021
0206245,Beluga,215,92790,WC,2021
0206245,Beluga,215,567393,WAT,2021
0206245,Beluga,215,386453,SUB,2021
0206245,Beluga,215,-3433,MWH,2021
0206245,Beluga,215,375532,WO,2021
0206245,Beluga,215,273652,LIG,2021
0206245,Beluga,215,2984081,NG,2021
0206245,Beluga,215,38071,LFG,2021
0206245,Beluga,215,106468,DFO,2021
0206245,Beluga,215,102061,WND,2021
0206245,Beluga,215,672,JF,2021
0206520,Bethel,34,1341,WND,2021
0206520,Bethel,34,41602,DFO,2021
0206630,Bettles,7,518,DFO,2021
0206850,Big Delta,215,375532,WO,2021
0206850,Big Delta,215,102061,WND,2021
0206850,Big Delta,215,2984081,NG,2021
0206850,Big Delta,215,106468,DFO,2021
0206850,Big Delta,215,273652,LIG,2021
0206850,Big Delta,215,-3433,MWH,2021
0206850,Big Delta,215,672,JF,2021
0206850,Big Delta,215,92790,WC,2021
0206850,Big Delta,215,386453,SUB,2021
0206850,Big Delta,215,567393,WAT,2021
0206850,Big Delta,215,38071,LFG,2021
0207070,Big Lake,215,92790,WC,2021
0207070,Big Lake,215,-3433,MWH,2021
0207070,Big Lake,215,672,JF,2021
0207070,Big Lake,215,38071,LFG,2021
0207070,Big Lake,215,102061,WND,2021
0207070,Big Lake,215,106468,DFO,2021
0207070,Big Lake,215,273652,LIG,2021
0207070,Big Lake,215,375532,WO,2021
0207070,Big Lake,215,386453,SUB,2021
0207070,Big Lake,215,567393,WAT,2021
0207070,Big Lake,215,2984081,NG,2021
0207620,Birch Creek,98,82,DFO,2021
0208740,Brevig Mission,39,1321,DFO,2021
0209600,Buckland,99,239,WND,2021
0209600,Buckland,99,1696,DFO,2021
0209657,Buffalo Soapstone,215,38071,LFG,2021
0209657,Buffalo Soapstone,215,106468,DFO,2021
0209657,Buffalo Soapstone,215,567393,WAT,2021
0209657,Buffalo Soapstone,215,92790,WC,2021
0209657,Buffalo Soapstone,215,273652,LIG,2021
0209657,Buffalo Soapstone,215,102061,WND,2021
0209657,Buffalo Soapstone,215,2984081,NG,2021
0209657,Buffalo Soapstone,215,672,JF,2021
0209657,Buffalo Soapstone,215,386453,SUB,2021
0209657,Buffalo Soapstone,215,-3433,MWH,2021
0209657,Buffalo Soapstone,215,375532,WO,2021
0209710,Butte,215,386453,SUB,2021
0209710,Butte,215,-3433,MWH,2021
0209710,Butte,215,375532,WO,2021
0209710,Butte,215,92790,WC,2021
0209710,Butte,215,2984081,NG,2021
0209710,Butte,215,672,JF,2021
0209710,Butte,215,102061,WND,2021
0209710,Butte,215,567393,WAT,2021
0209710,Butte,215,106468,DFO,2021
0209710,Butte,215,273652,LIG,2021
0209710,Butte,215,38071,LFG,2021
0210150,Cantwell,215,38071,LFG,2021
0210150,Cantwell,215,672,JF,2021
0210150,Cantwell,215,92790,WC,2021
0210150,Cantwell,215,375532,WO,2021
0210150,Cantwell,215,-3433,MWH,2021
0210150,Cantwell,215,106468,DFO,2021
0210150,Cantwell,215,2984081,NG,2021
0210150,Cantwell,215,273652,LIG,2021
0210150,Cantwell,215,386453,SUB,2021
0210150,Cantwell,215,567393,WAT,2021
0210150,Cantwell,215,102061,WND,2021
0211690,Central,116,460,DFO,2021
0211800,Chalkyitsik,100,51,DFO,2021
0212350,Chase,215,672,JF,2021
0212350,Chase,215,567393,WAT,2021
0212350,Chase,215,386453,SUB,2021
0212350,Chase,215,375532,WO,2021
0212350,Chase,215,92790,WC,2021
0212350,Chase,215,-3433,MWH,2021
0212350,Chase,215,2984081,NG,2021
0212350,Chase,215,38071,LFG,2021
0212350,Chase,215,273652,LIG,2021
0212350,Chase,215,106468,DFO,2021
0212350,Chase,215,102061,WND,2021
0212680,Chefornak,154,1184,DFO,2021
0212920,Chena Ridge,215,273652,LIG,2021
0212920,Chena Ridge,215,-3433,MWH,2021
0212920,Chena Ridge,215,92790,WC,2021
0212920,Chena Ridge,215,2984081,NG,2021
0212920,Chena Ridge,215,672,JF,2021
0212920,Chena Ridge,215,567393,WAT,2021
0212920,Chena Ridge,215,102061,WND,2021
0212920,Chena Ridge,215,38071,LFG,2021
0212920,Chena Ridge,215,386453,SUB,2021
0212920,Chena Ridge,215,106468,DFO,2021
0212920,Chena Ridge,215,375532,WO,2021
0212970,Chenega,101,219,DFO,2021
0213230,Chevak,40,1795,DFO,2021
0213230,Chevak,40,843,WND,2021
0213340,Chickaloon,215,567393,WAT,2021
0213340,Chickaloon,215,672,JF,2021
0213340,Chickaloon,215,375532,WO,2021
0213340,Chickaloon,215,92790,WC,2021
0213340,Chickaloon,215,2984081,NG,2021
0213340,Chickaloon,215,273652,LIG,2021
0213340,Chickaloon,215,-3433,MWH,2021
0213340,Chickaloon,215,386453,SUB,2021
0213340,Chickaloon,215,38071,LFG,2021
0213340,Chickaloon,215,102061,WND,2021
0213340,Chickaloon,215,106468,DFO,2021
0213450,Chicken,,,,
0213550,Chignik,104,666,DFO,2021
0213670,Chignik Lagoon,102,18,WAT,2021
0213670,Chignik Lagoon,102,514,DFO,2021
0213780,Chignik Lake,103,190,DFO,2021
0213860,Chiniak,223,-537,MWH,2021
0213860,Chiniak,223,132333,WAT,2021
0213860,Chiniak,223,4,DFO,2021
0213860,Chiniak,223,25238,WND,2021
0213890,Chisana,,,,
0214000,Chistochina,26,1424,DFO,2021
0214110,Chitina,105,431,DFO,2021
0214330,Chuathbaluk,144,272,DFO,2021
0214880,Circle,106,422,DFO,2021
0215320,Clam Gulch,215,106468,DFO,2021
0215320,Clam Gulch,215,38071,LFG,2021
0215320,Clam Gulch,215,2984081,NG,2021
0215320,Clam Gulch,215,386453,SUB,2021
0215320,Clam Gulch,215,375532,WO,2021
0215320,Clam Gulch,215,92790,WC,2021
0215320,Clam Gulch,215,672,JF,2021
0215320,Clam Gulch,215,102061,WND,2021
0215320,Clam Gulch,215,567393,WAT,2021
0215320,Clam Gulch,215,-3433,MWH,2021
0215320,Clam Gulch,215,273652,LIG,2021
0215430,Clark's Point,107,413,DFO,2021
0216360,Coffman Cove,23,1652,DFO,2021
0216360,Coffman Cove,23,30596,WAT,2021
0216420,Cohoe,215,672,JF,2021
0216420,Cohoe,215,38071,LFG,2021
0216420,Cohoe,215,567393,WAT,2021
0216420,Cohoe,215,375532,WO,2021
0216420,Cohoe,215,102061,WND,2021
0216420,Cohoe,215,2984081,NG,2021
0216420,Cohoe,215,386453,SUB,2021
0216420,Cohoe,215,106468,DFO,2021
0216420,Cohoe,215,-3433,MWH,2021
0216420,Cohoe,215,273652,LIG,2021
0216420,Cohoe,215,92790,WC,2021
0216530,Cold Bay,114,2425,DFO,2021
0216630,Coldfoot,,,,
0216750,College,215,386453,SUB,2021
0216750,College,215,102061,WND,2021
0216750,College,215,672,JF,2021
0216750,College,215,92790,WC,2021
0216750,College,215,567393,WAT,2021
0216750,College,215,273652,LIG,2021
0216750,College,215,38071,LFG,2021
0216750,College,215,375532,WO,2021
0216750,College,215,2984081,NG,2021
0216750,College,215,-3433,MWH,2021
0216750,College,215,106468,DFO,2021
0217190,Cooper Landing,215,567393,WAT,2021
0217190,Cooper Landing,215,672,JF,2021
0217190,Cooper Landing,215,92790,WC,2021
0217190,Cooper Landing,215,102061,WND,2021
0217190,Cooper Landing,215,106468,DFO,2021
0217190,Cooper Landing,215,-3433,MWH,2021
0217190,Cooper Landing,215,273652,LIG,2021
0217190,Cooper Landing,215,2984081,NG,2021
0217190,Cooper Landing,215,375532,WO,2021
0217190,Cooper Landing,215,386453,SUB,2021
0217190,Cooper Landing,215,38071,LFG,2021
0217300,Copper Center,216,58733,WAT,2021
0217300,Copper Center,216,12132,DFO,2021
0217300,Copper Center,216,25547,WO,2021
0217410,Cordova,14,37759,WAT,2021
0217410,Cordova,14,16457,DFO,2021
0217410,Cordova,14,-85,MWH,2021
0217670,Covenant Life,32,2873,DFO,2021
0217670,Covenant Life,32,24042,WAT,2021
0217740,Craig,23,30596,WAT,2021
0217740,Craig,23,1652,DFO,2021
0217850,Crooked Creek,145,291,DFO,2021
0217960,Crown Point,215,106468,DFO,2021
0217960,Crown Point,215,2984081,NG,2021
0217960,Crown Point,215,-3433,MWH,2021
0217960,Crown Point,215,567393,WAT,2021
0217960,Crown Point,215,38071,LFG,2021
0217960,Crown Point,215,672,JF,2021
0217960,Crown Point,215,102061,WND,2021
0217960,Crown Point,215,375532,WO,2021
0217960,Crown Point,215,92790,WC,2021
0217960,Crown Point,215,386453,SUB,2021
0217960,Crown Point,215,273652,LIG,2021
0218510,Deering,130,43,SUN,2021
0218510,Deering,130,679,DFO,2021
0218510,Deering,130,61,WND,2021
0218620,Delta Junction,215,375532,WO,2021
0218620,Delta Junction,215,273652,LIG,2021
0218620,Delta Junction,215,38071,LFG,2021
0218620,Delta Junction,215,106468,DFO,2021
0218620,Delta Junction,215,2984081,NG,2021
0218620,Delta Junction,215,-3433,MWH,2021
0218620,Delta Junction,215,386453,SUB,2021
0218620,Delta Junction,215,102061,WND,2021
0218620,Delta Junction,215,92790,WC,2021
0218620,Delta Junction,215,567393,WAT,2021
0218620,Delta Junction,215,672,JF,2021
0218675,Deltana,215,567393,WAT,2021
0218675,Deltana,215,375532,WO,2021
0218675,Deltana,215,102061,WND,2021
0218675,Deltana,215,273652,LIG,2021
0218675,Deltana,215,-3433,MWH,2021
0218675,Deltana,215,106468,DFO,2021
0218675,Deltana,215,672,JF,2021
0218675,Deltana,215,2984081,NG,2021
0218675,Deltana,215,386453,SUB,2021
0218675,Deltana,215,92790,WC,2021
0218675,Deltana,215,38071,LFG,2021
0218805,Denali Park,215,273652,LIG,2021
0218805,Denali Park,215,-3433,MWH,2021
0218805,Denali Park,215,672,JF,2021
0218805,Denali Park,215,102061,WND,2021
0218805,Denali Park,215,375532,WO,2021
0218805,Denali Park,215,386453,SUB,2021
0218805,Denali Park,215,567393,WAT,2021
0218805,Denali Park,215,106468,DFO,2021
0218805,Denali Park,215,92790,WC,2021
0218805,Denali Park,215,2984081,NG,2021
0218805,Denali Park,215,38071,LFG,2021
0218925,Diamond Ridge,215,672,JF,2021
0218925,Diamond Ridge,215,-3433,MWH,2021
0218925,Diamond Ridge,215,92790,WC,2021
0218925,Diamond Ridge,215,567393,WAT,2021
0218925,Diamond Ridge,215,106468,DFO,2021
0218925,Diamond Ridge,215,375532,WO,2021
0218925,Diamond Ridge,215,273652,LIG,2021
0218925,Diamond Ridge,215,2984081,NG,2021
0218925,Diamond Ridge,215,386453,SUB,2021
0218925,Diamond Ridge,215,102061,WND,2021
0218925,Diamond Ridge,215,38071,LFG,2021
0218950,Dillingham,169,19100,DFO,2021
0219060,Diomede,110,398,DFO,2021
0219720,Dot Lake,15,10384,DFO,2021
0219750,Dot Lake Village,15,10384,DFO,2021
0220020,Dry Creek,,,,
0220380,Eagle,9,10,SUN,2021
0220380,Eagle,9,866,DFO,2021
0220600,Eagle Village,9,866,DFO,2021
0220600,Eagle Village,9,10,SUN,2021
0220716,Eareckson Station,,,,
0220970,Edna Bay,,,,
0221040,Eek,41,1221,DFO,2021
0221150,Egegik,111,648,DFO,2021
0221370,Eielson AFB,215,273652,LIG,2021
0221370,Eielson AFB,215,2984081,NG,2021
0221370,Eielson AFB,215,567393,WAT,2021
0221370,Eielson AFB,215,386453,SUB,2021
0221370,Eielson AFB,215,375532,WO,2021
0221370,Eielson AFB,215,106468,DFO,2021
0221370,Eielson AFB,215,102061,WND,2021
0221370,Eielson AFB,215,92790,WC,2021
0221370,Eielson AFB,215,38071,LFG,2021
0221370,Eielson AFB,215,672,JF,2021
0221370,Eielson AFB,215,-3433,MWH,2021
0221810,Ekwok,65,1922,DFO,2021
0222140,Elfin Cove,112,375,DFO,2021
0222250,Elim,43,1371,DFO,2021
0222910,Emmonak,45,563,WND,2021
0222910,Emmonak,45,5356,DFO,2021
0223460,Ester,215,92790,WC,2021
0223460,Ester,215,2984081,NG,2021
0223460,Ester,215,106468,DFO,2021
0223460,Ester,215,386453,SUB,2021
0223460,Ester,215,273652,LIG,2021
0223460,Ester,215,-3433,MWH,2021
0223460,Ester,215,102061,WND,2021
0223460,Ester,215,567393,WAT,2021
0223460,Ester,215,672,JF,2021
0223460,Ester,215,375532,WO,2021
0223460,Ester,215,38071,LFG,2021
0223720,Eureka Roadhouse,,,,
0223790,Evansville,7,518,DFO,2021
0223900,Excursion Inlet,,,,
0224230,Fairbanks,215,-3433,MWH,2021
0224230,Fairbanks,215,386453,SUB,2021
0224230,Fairbanks,215,106468,DFO,2021
0224230,Fairbanks,215,273652,LIG,2021
0224230,Fairbanks,215,375532,WO,2021
0224230,Fairbanks,215,38071,LFG,2021
0224230,Fairbanks,215,2984081,NG,2021
0224230,Fairbanks,215,92790,WC,2021
0224230,Fairbanks,215,567393,WAT,2021
0224230,Fairbanks,215,102061,WND,2021
0224230,Fairbanks,215,672,JF,2021
0224660,False Pass,113,662,DFO,2021
0225000,Farm Loop,215,386453,SUB,2021
0225000,Farm Loop,215,672,JF,2021
0225000,Farm Loop,215,567393,WAT,2021
0225000,Farm Loop,215,-3433,MWH,2021
0225000,Farm Loop,215,2984081,NG,2021
0225000,Farm Loop,215,106468,DFO,2021
0225000,Farm Loop,215,375532,WO,2021
0225000,Farm Loop,215,273652,LIG,2021
0225000,Farm Loop,215,38071,LFG,2021
0225000,Farm Loop,215,92790,WC,2021
0225000,Farm Loop,215,102061,WND,2021
0224980,Farmers Loop,215,106468,DFO,2021
0224980,Farmers Loop,215,38071,LFG,2021
0224980,Farmers Loop,215,273652,LIG,2021
0224980,Farmers Loop,215,672,JF,2021
0224980,Farmers Loop,215,386453,SUB,2021
0224980,Farmers Loop,215,375532,WO,2021
0224980,Farmers Loop,215,102061,WND,2021
0224980,Farmers Loop,215,2984081,NG,2021
0224980,Farmers Loop,215,-3433,MWH,2021
0224980,Farmers Loop,215,567393,WAT,2021
0224980,Farmers Loop,215,92790,WC,2021
0225220,Ferry,215,-3433,MWH,2021
0225220,Ferry,215,375532,WO,2021
0225220,Ferry,215,2984081,NG,2021
0225220,Ferry,215,38071,LFG,2021
0225220,Ferry,215,106468,DFO,2021
0225220,Ferry,215,102061,WND,2021
0225220,Ferry,215,672,JF,2021
0225220,Ferry,215,567393,WAT,2021
0225220,Ferry,215,92790,WC,2021
0225220,Ferry,215,273652,LIG,2021
0225220,Ferry,215,386453,SUB,2021
0225550,Fishhook,215,386453,SUB,2021
0225550,Fishhook,215,-3433,MWH,2021
0225550,Fishhook,215,38071,LFG,2021
0225550,Fishhook,215,375532,WO,2021
0225550,Fishhook,215,567393,WAT,2021
0225550,Fishhook,215,2984081,NG,2021
0225550,Fishhook,215,273652,LIG,2021
0225550,Fishhook,215,92790,WC,2021
0225550,Fishhook,215,106468,DFO,2021
0225550,Fishhook,215,102061,WND,2021
0225550,Fishhook,215,672,JF,2021
0225880,Flat,,,,
0226100,Fort Greely,215,2984081,NG,2021
0226100,Fort Greely,215,92790,WC,2021
0226100,Fort Greely,215,375532,WO,2021
0226100,Fort Greely,215,102061,WND,2021
0226100,Fort Greely,215,672,JF,2021
0226100,Fort Greely,215,567393,WAT,2021
0226100,Fort Greely,215,106468,DFO,2021
0226100,Fort Greely,215,38071,LFG,2021
0226100,Fort Greely,215,273652,LIG,2021
0226100,Fort Greely,215,-3433,MWH,2021
0226100,Fort Greely,215,386453,SUB,2021
0226760,Fort Yukon,119,2546,DFO,2021
0226835,Four Mile Road,215,273652,LIG,2021
0226835,Four Mile Road,215,38071,LFG,2021
0226835,Four Mile Road,215,102061,WND,2021
0226835,Four Mile Road,215,375532,WO,2021
0226835,Four Mile Road,215,672,JF,2021
0226835,Four Mile Road,215,-3433,MWH,2021
0226835,Four Mile Road,215,106468,DFO,2021
0226835,Four Mile Road,215,386453,SUB,2021
0226835,Four Mile Road,215,92790,WC,2021
0226835,Four Mile Road,215,2984081,NG,2021
0226835,Four Mile Road,215,567393,WAT,2021
0226870,Fox,215,2984081,NG,2021
0226870,Fox,215,273652,LIG,2021
0226870,Fox,215,-3433,MWH,2021
0226870,Fox,215,386453,SUB,2021
0226870,Fox,215,375532,WO,2021
0226870,Fox,215,672,JF,2021
0226870,Fox,215,38071,LFG,2021
0226870,Fox,215,92790,WC,2021
0226870,Fox,215,102061,WND,2021
0226870,Fox,215,106468,DFO,2021
0226870,Fox,215,567393,WAT,2021
0226910,Fox River,215,375532,WO,2021
0226910,Fox River,215,92790,WC,2021
0226910,Fox River,215,567393,WAT,2021
0226910,Fox River,215,106468,DFO,2021
0226910,Fox River,215,386453,SUB,2021
0226910,Fox River,215,273652,LIG,2021
0226910,Fox River,215,672,JF,2021
0226910,Fox River,215,38071,LFG,2021
0226910,Fox River,215,-3433,MWH,2021
0226910,Fox River,215,102061,WND,2021
0226910,Fox River,215,2984081,NG,2021
0227090,Fritz Creek,215,672,JF,2021
0227090,Fritz Creek,215,106468,DFO,2021
0227090,Fritz Creek,215,2984081,NG,2021
0227090,Fritz Creek,215,102061,WND,2021
0227090,Fritz Creek,215,567393,WAT,2021
0227090,Fritz Creek,215,273652,LIG,2021
0227090,Fritz Creek,215,92790,WC,2021
0227090,Fritz Creek,215,386453,SUB,2021
0227090,Fritz Creek,215,-3433,MWH,2021
0227090,Fritz Creek,215,38071,LFG,2021
0227090,Fritz Creek,215,375532,WO,2021
0227145,Funny River,215,38071,LFG,2021
0227145,Funny River,215,-3433,MWH,2021
0227145,Funny River,215,102061,WND,2021
0227145,Funny River,215,273652,LIG,2021
0227145,Funny River,215,672,JF,2021
0227145,Funny River,215,92790,WC,2021
0227145,Funny River,215,386453,SUB,2021
0227145,Funny River,215,375532,WO,2021
0227145,Funny River,215,567393,WAT,2021
0227145,Funny River,215,2984081,NG,2021
0227145,Funny River,215,106468,DFO,2021
0227420,Gakona,,,,
0227530,Galena,115,5361,DFO,2021
0227640,Gambell,46,37,WND,2021
0227640,Gambell,46,2213,DFO,2021
0227700,Game Creek,,,,
0228200,Gateway,215,38071,LFG,2021
0228200,Gateway,215,92790,WC,2021
0228200,Gateway,215,106468,DFO,2021
0228200,Gateway,215,672,JF,2021
0228200,Gateway,215,386453,SUB,2021
0228200,Gateway,215,102061,WND,2021
0228200,Gateway,215,567393,WAT,2021
0228200,Gateway,215,-3433,MWH,2021
0228200,Gateway,215,273652,LIG,2021
0228200,Gateway,215,2984081,NG,2021
0228200,Gateway,215,375532,WO,2021
0228590,Glacier View,216,58733,WAT,2021
0228590,Glacier View,216,12132,DFO,2021
0228590,Glacier View,216,25547,WO,2021
0228740,Glennallen,216,58733,WAT,2021
0228740,Glennallen,216,12132,DFO,2021
0228740,Glennallen,216,25547,WO,2021
0229130,Goldstream,215,106468,DFO,2021
0229130,Goldstream,215,273652,LIG,2021
0229130,Goldstream,215,386453,SUB,2021
0229130,Goldstream,215,375532,WO,2021
0229130,Goldstream,215,-3433,MWH,2021
0229130,Goldstream,215,92790,WC,2021
0229130,Goldstream,215,38071,LFG,2021
0229130,Goldstream,215,2984081,NG,2021
0229130,Goldstream,215,567393,WAT,2021
0229130,Goldstream,215,102061,WND,2021
0229130,Goldstream,215,672,JF,2021
0229180,Golovin,117,950,DFO,2021
0229290,Goodnews Bay,47,780,DFO,2021
0230060,Grayling,48,612,DFO,2021
0230500,Gulkana,216,12132,DFO,2021
0230500,Gulkana,216,25547,WO,2021
0230500,Gulkana,216,58733,WAT,2021
0230940,Gustavus,118,2189,WAT,2021
0230940,Gustavus,118,534,DFO,2021
0231050,Haines,32,24042,WAT,2021
0231050,Haines,32,2873,DFO,2021
0231270,Halibut Cove,215,273652,LIG,2021
0231270,Halibut Cove,215,38071,LFG,2021
0231270,Halibut Cove,215,567393,WAT,2021
0231270,Halibut Cove,215,375532,WO,2021
0231270,Halibut Cove,215,92790,WC,2021
0231270,Halibut Cove,215,386453,SUB,2021
0231270,Halibut Cove,215,106468,DFO,2021
0231270,Halibut Cove,215,102061,WND,2021
0231270,Halibut Cove,215,2984081,NG,2021
0231270,Halibut Cove,215,672,JF,2021
0231270,Halibut Cove,215,-3433,MWH,2021
0231710,Happy Valley,215,106468,DFO,2021
0231710,Happy Valley,215,92790,WC,2021
0231710,Happy Valley,215,38071,LFG,2021
0231710,Happy Valley,215,273652,LIG,2021
0231710,Happy Valley,215,-3433,MWH,2021
0231710,Happy Valley,215,2984081,NG,2021
0231710,Happy Valley,215,567393,WAT,2021
0231710,Happy Valley,215,386453,SUB,2021
0231710,Happy Valley,215,672,JF,2021
0231710,Happy Valley,215,102061,WND,2021
0231710,Happy Valley,215,375532,WO,2021
0231765,Harding-Birch Lakes,215,106468,DFO,2021
0231765,Harding-Birch Lakes,215,273652,LIG,2021
0231765,Harding-Birch Lakes,215,-3433,MWH,2021
0231765,Harding-Birch Lakes,215,92790,WC,2021
0231765,Harding-Birch Lakes,215,386453,SUB,2021
0231765,Harding-Birch Lakes,215,567393,WAT,2021
0231765,Harding-Birch Lakes,215,38071,LFG,2021
0231765,Harding-Birch Lakes,215,102061,WND,2021
0231765,Harding-Birch Lakes,215,2984081,NG,2021
0231765,Harding-Birch Lakes,215,375532,WO,2021
0231765,Harding-Birch Lakes,215,672,JF,2021
0232150,Healy,215,38071,LFG,2021
0232150,Healy,215,672,JF,2021
0232150,Healy,215,102061,WND,2021
0232150,Healy,215,106468,DFO,2021
0232150,Healy,215,2984081,NG,2021
0232150,Healy,215,-3433,MWH,2021
0232150,Healy,215,386453,SUB,2021
0232150,Healy,215,375532,WO,2021
0232150,Healy,215,92790,WC,2021
0232150,Healy,215,567393,WAT,2021
0232150,Healy,215,273652,LIG,2021
0232310,Healy Lake,11,105,DFO,2021
0232550,Hobart Bay,,,,
0232810,Hollis,23,1652,DFO,2021
0232810,Hollis,23,30596,WAT,2021
0233030,Holy Cross,49,576,DFO,2021
0233140,Homer,215,38071,LFG,2021
0233140,Homer,215,567393,WAT,2021
0233140,Homer,215,2984081,NG,2021
0233140,Homer,215,386453,SUB,2021
0233140,Homer,215,-3433,MWH,2021
0233140,Homer,215,672,JF,2021
0233140,Homer,215,375532,WO,2021
0233140,Homer,215,273652,LIG,2021
0233140,Homer,215,92790,WC,2021
0233140,Homer,215,102061,WND,2021
0233140,Homer,215,106468,DFO,2021
0233360,Hoonah,128,3513,DFO,2021
0233360,Hoonah,128,1488,WAT,2021
0233470,Hooper Bay,50,3312,DFO,2021
0233470,Hooper Bay,50,347,WND,2021
0233580,Hope,215,567393,WAT,2021
0233580,Hope,215,386453,SUB,2021
0233580,Hope,215,38071,LFG,2021
0233580,Hope,215,273652,LIG,2021
0233580,Hope,215,-3433,MWH,2021
0233580,Hope,215,375532,WO,2021
0233580,Hope,215,672,JF,2021
0233580,Hope,215,2984081,NG,2021
0233580,Hope,215,106468,DFO,2021
0233580,Hope,215,102061,WND,2021
0233580,Hope,215,92790,WC,2021
0233800,Houston,215,92790,WC,2021
0233800,Houston,215,102061,WND,2021
0233800,Houston,215,2984081,NG,2021
0233800,Houston,215,375532,WO,2021
0233800,Houston,215,672,JF,2021
0233800,Houston,215,-3433,MWH,2021
0233800,Houston,215,106468,DFO,2021
0233800,Houston,215,38071,LFG,2021
0233800,Houston,215,567393,WAT,2021
0233800,Houston,215,273652,LIG,2021
0233800,Houston,215,386453,SUB,2021
0233910,Hughes,120,537,DFO,2021
0234350,Huslia,51,1106,DFO,2021
0234460,Hydaburg,23,30596,WAT,2021
0234460,Hydaburg,23,1652,DFO,2021
0234570,Hyder,,,,
0234790,Igiugig,121,1,WAT,2021
0234790,Igiugig,121,340,DFO,2021
0235120,Iliamna,123,3674,WAT,2021
0235120,Iliamna,123,160,DFO,2021
0235890,Ivanof Bay,,,,
0236400,Juneau,222,-1318,DFO,2021
0236400,Juneau,222,433223,WAT,2021
0236540,Kachemak,215,38071,LFG,2021
0236540,Kachemak,215,672,JF,2021
0236540,Kachemak,215,375532,WO,2021
0236540,Kachemak,215,102061,WND,2021
0236540,Kachemak,215,-3433,MWH,2021
0236540,Kachemak,215,386453,SUB,2021
0236540,Kachemak,215,273652,LIG,2021
0236540,Kachemak,215,106468,DFO,2021
0236540,Kachemak,215,92790,WC,2021
0236540,Kachemak,215,2984081,NG,2021
0236540,Kachemak,215,567393,WAT,2021
0236770,Kake,129,1454,DFO,2021
0236770,Kake,129,855,WAT,2021
0236990,Kaktovik,162,4656,DFO,2021
0237250,Kalifornsky,215,386453,SUB,2021
0237250,Kalifornsky,215,106468,DFO,2021
0237250,Kalifornsky,215,92790,WC,2021
0237250,Kalifornsky,215,375532,WO,2021
0237250,Kalifornsky,215,567393,WAT,2021
0237250,Kalifornsky,215,273652,LIG,2021
0237250,Kalifornsky,215,672,JF,2021
0237250,Kalifornsky,215,38071,LFG,2021
0237250,Kalifornsky,215,-3433,MWH,2021
0237250,Kalifornsky,215,2984081,NG,2021
0237250,Kalifornsky,215,102061,WND,2021
0237430,Kaltag,54,671,DFO,2021
0237430,Kaltag,54,7,SUN,2021
0237540,Karluk,92,207,DFO,2021
0237650,Kasaan,23,30596,WAT,2021
0237650,Kasaan,23,1652,DFO,2021
0237975,Kasigluk,55,322,WND,2021
0237975,Kasigluk,55,2467,DFO,2021
0238090,Kasilof,215,2984081,NG,2021
0238090,Kasilof,215,102061,WND,2021
0238090,Kasilof,215,-3433,MWH,2021
0238090,Kasilof,215,386453,SUB,2021
0238090,Kasilof,215,38071,LFG,2021
0238090,Kasilof,215,273652,LIG,2021
0238090,Kasilof,215,567393,WAT,2021
0238090,Kasilof,215,106468,DFO,2021
0238090,Kasilof,215,672,JF,2021
0238090,Kasilof,215,375532,WO,2021
0238090,Kasilof,215,92790,WC,2021
0238420,Kenai,215,273652,LIG,2021
0238420,Kenai,215,375532,WO,2021
0238420,Kenai,215,-3433,MWH,2021
0238420,Kenai,215,38071,LFG,2021
0238420,Kenai,215,2984081,NG,2021
0238420,Kenai,215,672,JF,2021
0238420,Kenai,215,386453,SUB,2021
0238420,Kenai,215,92790,WC,2021
0238420,Kenai,215,102061,WND,2021
0238420,Kenai,215,567393,WAT,2021
0238420,Kenai,215,106468,DFO,2021
0238910,Kenny Lake,216,12132,DFO,2021
0238910,Kenny Lake,216,58733,WAT,2021
0238910,Kenny Lake,216,25547,WO,2021
0238970,Ketchikan,217,1277,DFO,2021
0238970,Ketchikan,217,279424,WAT,2021
0239300,Kiana,57,1715,DFO,2021
0239410,King Cove,131,846,DFO,2021
0239410,King Cove,131,3483,WAT,2021
0239630,King Salmon,150,24329,DFO,2021
0239740,Kipnuk,132,1345,DFO,2021
0239740,Kipnuk,132,672,WND,2021
0239960,Kivalina,58,1874,DFO,2021
0240400,Klawock,23,30596,WAT,2021
0240400,Klawock,23,1652,DFO,2021
0240510,Klukwan,32,2873,DFO,2021
0240510,Klukwan,32,24042,WAT,2021
0240670,Knik River,215,567393,WAT,2021
0240670,Knik River,215,38071,LFG,2021
0240670,Knik River,215,-3433,MWH,2021
0240670,Knik River,215,386453,SUB,2021
0240670,Knik River,215,92790,WC,2021
0240670,Knik River,215,375532,WO,2021
0240670,Knik River,215,106468,DFO,2021
0240670,Knik River,215,273652,LIG,2021
0240670,Knik River,215,2984081,NG,2021
0240670,Knik River,215,672,JF,2021
0240670,Knik River,215,102061,WND,2021
0240645,Knik-Fairview,215,38071,LFG,2021
0240645,Knik-Fairview,215,106468,DFO,2021
0240645,Knik-Fairview,215,92790,WC,2021
0240645,Knik-Fairview,215,567393,WAT,2021
0240645,Knik-Fairview,215,102061,WND,2021
0240645,Knik-Fairview,215,2984081,NG,2021
0240645,Knik-Fairview,215,375532,WO,2021
0240645,Knik-Fairview,215,672,JF,2021
0240645,Knik-Fairview,215,273652,LIG,2021
0240645,Knik-Fairview,215,386453,SUB,2021
0240645,Knik-Fairview,215,-3433,MWH,2021
0240840,Kobuk,149,1634,DFO,2021
0240840,Kobuk,149,16,WND,2021
0240950,Kodiak,223,25238,WND,2021
0240950,Kodiak,223,132333,WAT,2021
0240950,Kodiak,223,4,DFO,2021
0240950,Kodiak,223,-537,MWH,2021
0241210,Kodiak Station,223,25238,WND,2021
0241210,Kodiak Station,223,-537,MWH,2021
0241210,Kodiak Station,223,132333,WAT,2021
0241210,Kodiak Station,223,4,DFO,2021
0241280,Kokhanok,134,499,DFO,2021
0241280,Kokhanok,134,18,WND,2021
0241500,Koliganek,157,691,DFO,2021
0241610,Kongiganak,176,632,WND,2021
0241610,Kongiganak,176,817,DFO,2021
0241720,Kotlik,59,2179,DFO,2021
0241830,Kotzebue,135,-86,MWH,2021
0241830,Kotzebue,135,18343,DFO,2021
0241830,Kotzebue,135,594,SUN,2021
0241830,Kotzebue,135,2584,WND,2021
0241940,Koyuk,60,1287,DFO,2021
0242050,Koyukuk,136,193,DFO,2021
0242160,Kupreanof,217,1277,DFO,2021
0242160,Kupreanof,217,279424,WAT,2021
0242380,Kwethluk,137,1801,DFO,2021
0242490,Kwigillingok,138,70,WND,2021
0242490,Kwigillingok,138,1144,DFO,2021
0242805,Lake Louise,,,,
0242820,Lake Minchumina,,,,
0243040,Larsen Bay,,,,
0243260,Lazy Mountain,215,106468,DFO,2021
0243260,Lazy Mountain,215,567393,WAT,2021
0243260,Lazy Mountain,215,92790,WC,2021
0243260,Lazy Mountain,215,375532,WO,2021
0243260,Lazy Mountain,215,2984081,NG,2021
0243260,Lazy Mountain,215,672,JF,2021
0243260,Lazy Mountain,215,386453,SUB,2021
0243260,Lazy Mountain,215,273652,LIG,2021
0243260,Lazy Mountain,215,-3433,MWH,2021
0243260,Lazy Mountain,215,38071,LFG,2021
0243260,Lazy Mountain,215,102061,WND,2021
0243810,Levelock,140,459,DFO,2021
0244030,Lime Village,141,4,DFO,2021
0244580,Livengood,,,,
0245020,Loring,,,,
0245295,Lowell Point,215,106468,DFO,2021
0245295,Lowell Point,215,-3433,MWH,2021
0245295,Lowell Point,215,38071,LFG,2021
0245295,Lowell Point,215,567393,WAT,2021
0245295,Lowell Point,215,102061,WND,2021
0245295,Lowell Point,215,273652,LIG,2021
0245295,Lowell Point,215,386453,SUB,2021
0245295,Lowell Point,215,672,JF,2021
0245295,Lowell Point,215,2984081,NG,2021
0245295,Lowell Point,215,92790,WC,2021
0245295,Lowell Point,215,375532,WO,2021
0245460,Lower Kalskag,52,1545,DFO,2021
0245700,Lutak,32,24042,WAT,2021
0245700,Lutak,32,2873,DFO,2021
0246780,Manley Hot Springs,188,599,DFO,2021
0246890,Manokotak,142,591,DFO,2021
0247000,Marshall,61,1565,DFO,2021
0245790,McCarthy,,,,
0246010,McGrath,143,2160,DFO,2021
0247735,Meadow Lakes,215,386453,SUB,2021
0247735,Meadow Lakes,215,567393,WAT,2021
0247735,Meadow Lakes,215,2984081,NG,2021
0247735,Meadow Lakes,215,375532,WO,2021
0247735,Meadow Lakes,215,273652,LIG,2021
0247735,Meadow Lakes,215,106468,DFO,2021
0247735,Meadow Lakes,215,102061,WND,2021
0247735,Meadow Lakes,215,92790,WC,2021
0247735,Meadow Lakes,215,38071,LFG,2021
0247735,Meadow Lakes,215,672,JF,2021
0247735,Meadow Lakes,215,-3433,MWH,2021
0247990,Mekoryuk,62,920,DFO,2021
0247990,Mekoryuk,62,4,WND,2021
0248200,Mendeltna,216,12132,DFO,2021
0248200,Mendeltna,216,25547,WO,2021
0248200,Mendeltna,216,58733,WAT,2021
0248540,Mentasta Lake,26,1424,DFO,2021
0248590,Mertarvik,196,281,DFO,2021
0248870,Metlakatla,225,17557,WAT,2021
0248870,Metlakatla,225,760,DFO,2021
0249200,Mill Bay,223,25238,WND,2021
0249200,Mill Bay,223,132333,WAT,2021
0249200,Mill Bay,223,4,DFO,2021
0249200,Mill Bay,223,-537,MWH,2021
0249530,Minto,63,768,DFO,2021
0250080,Moose Creek,215,106468,DFO,2021
0250080,Moose Creek,215,-3433,MWH,2021
0250080,Moose Creek,215,38071,LFG,2021
0250080,Moose Creek,215,672,JF,2021
0250080,Moose Creek,215,92790,WC,2021
0250080,Moose Creek,215,386453,SUB,2021
0250080,Moose Creek,215,375532,WO,2021
0250080,Moose Creek,215,102061,WND,2021
0250080,Moose Creek,215,2984081,NG,2021
0250080,Moose Creek,215,273652,LIG,2021
0250080,Moose Creek,215,567393,WAT,2021
0250190,Moose Pass,215,567393,WAT,2021
0250190,Moose Pass,215,-3433,MWH,2021
0250190,Moose Pass,215,2984081,NG,2021
0250190,Moose Pass,215,672,JF,2021
0250190,Moose Pass,215,92790,WC,2021
0250190,Moose Pass,215,38071,LFG,2021
0250190,Moose Pass,215,386453,SUB,2021
0250190,Moose Pass,215,375532,WO,2021
0250190,Moose Pass,215,102061,WND,2021
0250190,Moose Pass,215,106468,DFO,2021
0250190,Moose Pass,215,273652,LIG,2021
0250800,Mosquito Lake,32,24042,WAT,2021
0250800,Mosquito Lake,32,2873,DFO,2021
0251180,Mountain Village,75,3650,DFO,2021
0251180,Mountain Village,75,2060,WND,2021
0251455,Mud Bay,32,24042,WAT,2021
0251455,Mud Bay,32,2873,DFO,2021
0251960,Nabesna,,,,
0252060,Naknek,150,24329,DFO,2021
0252210,Nanwalek,,,,
0252390,Napakiak,34,41602,DFO,2021
0252390,Napakiak,34,1341,WND,2021
0252720,Napaskiak,153,1129,DFO,2021
0252845,Naukati Bay,23,1652,DFO,2021
0252845,Naukati Bay,23,30596,WAT,2021
0252915,Nelchina,216,25547,WO,2021
0252915,Nelchina,216,58733,WAT,2021
0252915,Nelchina,216,12132,DFO,2021
0252940,Nelson Lagoon,156,304,DFO,2021
0253050,Nenana,215,-3433,MWH,2021
0253050,Nenana,215,106468,DFO,2021
0253050,Nenana,215,567393,WAT,2021
0253050,Nenana,215,273652,LIG,2021
0253050,Nenana,215,386453,SUB,2021
0253050,Nenana,215,375532,WO,2021
0253050,Nenana,215,102061,WND,2021
0253050,Nenana,215,2984081,NG,2021
0253050,Nenana,215,92790,WC,2021
0253050,Nenana,215,672,JF,2021
0253050,Nenana,215,38071,LFG,2021
0253710,New Stuyahok,65,1922,DFO,2021
0253270,Newhalen,123,3674,WAT,2021
0253270,Newhalen,123,160,DFO,2021
0253820,Newtok,196,281,DFO,2021
0253930,Nightmute,88,3270,DFO,2021
0253930,Nightmute,88,446,WND,2021
0254050,Nikiski,215,375532,WO,2021
0254050,Nikiski,215,-3433,MWH,2021
0254050,Nikiski,215,102061,WND,2021
0254050,Nikiski,215,106468,DFO,2021
0254050,Nikiski,215,672,JF,2021
0254050,Nikiski,215,92790,WC,2021
0254050,Nikiski,215,567393,WAT,2021
0254050,Nikiski,215,273652,LIG,2021
0254050,Nikiski,215,386453,SUB,2021
0254050,Nikiski,215,2984081,NG,2021
0254050,Nikiski,215,38071,LFG,2021
0254085,Nikolaevsk,215,375532,WO,2021
0254085,Nikolaevsk,215,92790,WC,2021
0254085,Nikolaevsk,215,567393,WAT,2021
0254085,Nikolaevsk,215,273652,LIG,2021
0254085,Nikolaevsk,215,672,JF,2021
0254085,Nikolaevsk,215,-3433,MWH,2021
0254085,Nikolaevsk,215,38071,LFG,2021
0254085,Nikolaevsk,215,386453,SUB,2021
0254085,Nikolaevsk,215,2984081,NG,2021
0254085,Nikolaevsk,215,106468,DFO,2021
0254085,Nikolaevsk,215,102061,WND,2021
0254150,Nikolai,158,433,DFO,2021
0254260,Nikolski,193,95,DFO,2021
0254480,Ninilchik,215,92790,WC,2021
0254480,Ninilchik,215,102061,WND,2021
0254480,Ninilchik,215,106468,DFO,2021
0254480,Ninilchik,215,386453,SUB,2021
0254480,Ninilchik,215,38071,LFG,2021
0254480,Ninilchik,215,273652,LIG,2021
0254480,Ninilchik,215,-3433,MWH,2021
0254480,Ninilchik,215,375532,WO,2021
0254480,Ninilchik,215,672,JF,2021
0254480,Ninilchik,215,2984081,NG,2021
0254480,Ninilchik,215,567393,WAT,2021
0254700,Noatak,66,1853,DFO,2021
0254920,Nome,159,30209,DFO,2021
0254920,Nome,159,2026,WND,2021
0255030,Nondalton,123,3674,WAT,2021
0255030,Nondalton,123,160,DFO,2021
0255140,Noorvik,67,1963,DFO,2021
0255140,Noorvik,67,13,SUN,2021
0255745,North Lakes,215,92790,WC,2021
0255745,North Lakes,215,102061,WND,2021
0255745,North Lakes,215,567393,WAT,2021
0255745,North Lakes,215,106468,DFO,2021
0255745,North Lakes,215,375532,WO,2021
0255745,North Lakes,215,-3433,MWH,2021
0255745,North Lakes,215,386453,SUB,2021
0255745,North Lakes,215,2984081,NG,2021
0255745,North Lakes,215,38071,LFG,2021
0255745,North Lakes,215,273652,LIG,2021
0255745,North Lakes,215,672,JF,2021
0255910,North Pole,215,567393,WAT,2021
0255910,North Pole,215,-3433,MWH,2021
0255910,North Pole,215,38071,LFG,2021
0255910,North Pole,215,386453,SUB,2021
0255910,North Pole,215,273652,LIG,2021
0255910,North Pole,215,106468,DFO,2021
0255910,North Pole,215,2984081,NG,2021
0255910,North Pole,215,672,JF,2021
0255910,North Pole,215,375532,WO,2021
0255910,North Pole,215,102061,WND,2021
0255910,North Pole,215,92790,WC,2021
0256220,Northway,12,1096,DFO,2021
0256320,Nuiqsut,163,2664,DFO,2021
0256320,Nuiqsut,163,4665,NG,2021
0256350,Nulato,68,1071,DFO,2021
0256600,Nunam Iqua,167,869,DFO,2021
0256680,Nunapitchuk,55,2467,DFO,2021
0256680,Nunapitchuk,55,322,WND,2021
0257340,Old Harbor,69,809,DFO,2021
0258330,Oscarville,34,1341,WND,2021
0258330,Oscarville,34,41602,DFO,2021
0258550,Ouzinkie,170,668,DFO,2021
0258660,Palmer,215,106468,DFO,2021
0258660,Palmer,215,-3433,MWH,2021
0258660,Palmer,215,38071,LFG,2021
0258660,Palmer,215,273652,LIG,2021
0258660,Palmer,215,92790,WC,2021
0258660,Palmer,215,386453,SUB,2021
0258660,Palmer,215,102061,WND,2021
0258660,Palmer,215,672,JF,2021
0258660,Palmer,215,567393,WAT,2021
0258660,Palmer,215,2984081,NG,2021
0258660,Palmer,215,375532,WO,2021
0259320,Paxson,,,,
0259540,Pedro Bay,171,209,DFO,2021
0259650,Pelican,172,420,DFO,2021
0259650,Pelican,172,881,WAT,2021
0260200,Perryville,,,,
0260310,Petersburg,217,279424,WAT,2021
0260310,Petersburg,217,1277,DFO,2021
0260460,Petersville,,,,
0260640,Pilot Point,173,462,DFO,2021
0260750,Pilot Station,70,1877,DFO,2021
0260860,Pitkas Point,75,2060,WND,2021
0260860,Pitkas Point,75,3650,DFO,2021
0261080,Platinum,,,,
0261120,Pleasant Valley,215,92790,WC,2021
0261120,Pleasant Valley,215,672,JF,2021
0261120,Pleasant Valley,215,2984081,NG,2021
0261120,Pleasant Valley,215,106468,DFO,2021
0261120,Pleasant Valley,215,273652,LIG,2021
0261120,Pleasant Valley,215,-3433,MWH,2021
0261120,Pleasant Valley,215,386453,SUB,2021
0261120,Pleasant Valley,215,375532,WO,2021
0261120,Pleasant Valley,215,567393,WAT,2021
0261120,Pleasant Valley,215,102061,WND,2021
0261120,Pleasant Valley,215,38071,LFG,2021
0261190,Point Baker,,,,
0261630,Point Hope,164,6468,DFO,2021
0261700,Point Lay,165,3386,DFO,2021
0261788,Point MacKenzie,215,-3433,MWH,2021
0261788,Point MacKenzie,215,386453,SUB,2021
0261788,Point MacKenzie,215,567393,WAT,2021
0261788,Point MacKenzie,215,273652,LIG,2021
0261788,Point MacKenzie,215,106468,DFO,2021
0261788,Point MacKenzie,215,102061,WND,2021
0261788,Point MacKenzie,215,375532,WO,2021
0261788,Point MacKenzie,215,38071,LFG,2021
0261788,Point MacKenzie,215,92790,WC,2021
0261788,Point MacKenzie,215,672,JF,2021
0261788,Point MacKenzie,215,2984081,NG,2021
0261825,Point Possession,,,,
0262125,Pope-Vannoy Landing,,,,
0262510,Port Alexander,,,,
0262620,Port Alsworth,183,934,DFO,2021
0263170,Port Clarence,,,,
0263280,Port Graham,,,,
0263390,Port Heiden,175,622,DFO,2021
0263610,Port Lions,223,132333,WAT,2021
0263610,Port Lions,223,25238,WND,2021
0263610,Port Lions,223,4,DFO,2021
0263610,Port Lions,223,-537,MWH,2021
0263870,Port Protection,,,,
0262285,Portage Creek,,,,
0264240,Primrose,215,567393,WAT,2021
0264240,Primrose,215,672,JF,2021
0264240,Primrose,215,2984081,NG,2021
0264240,Primrose,215,386453,SUB,2021
0264240,Primrose,215,273652,LIG,2021
0264240,Primrose,215,92790,WC,2021
0264240,Primrose,215,38071,LFG,2021
0264240,Primrose,215,106468,DFO,2021
0264240,Primrose,215,375532,WO,2021
0264240,Primrose,215,-3433,MWH,2021
0264240,Primrose,215,102061,WND,2021
0264380,Prudhoe Bay,224,49320,NG,2021
0264600,Quinhagak,71,1779,DFO,2021
0264600,Quinhagak,71,561,WND,2021
0264820,Rampart,177,123,DFO,2021
0264930,Red Devil,146,78,DFO,2021
0264980,Red Dog Mine,,,,
0265345,Ridgeway,215,102061,WND,2021
0265345,Ridgeway,215,567393,WAT,2021
0265345,Ridgeway,215,106468,DFO,2021
0265345,Ridgeway,215,273652,LIG,2021
0265345,Ridgeway,215,2984081,NG,2021
0265345,Ridgeway,215,92790,WC,2021
0265345,Ridgeway,215,375532,WO,2021
0265345,Ridgeway,215,386453,SUB,2021
0265345,Ridgeway,215,38071,LFG,2021
0265345,Ridgeway,215,672,JF,2021
0265345,Ridgeway,215,-3433,MWH,2021
0265590,Ruby,178,679,DFO,2021
0265700,Russian Mission,72,951,DFO,2021
0265800,Saint George,179,478,DFO,2021
0266140,Saint Mary's,75,2060,WND,2021
0266140,Saint Mary's,75,3650,DFO,2021
0266360,Saint Michael,84,3564,DFO,2021
0266470,Saint Paul,180,3305,DFO,2021
0266510,Salamatof,215,38071,LFG,2021
0266510,Salamatof,215,672,JF,2021
0266510,Salamatof,215,-3433,MWH,2021
0266510,Salamatof,215,106468,DFO,2021
0266510,Salamatof,215,567393,WAT,2021
0266510,Salamatof,215,273652,LIG,2021
0266510,Salamatof,215,102061,WND,2021
0266510,Salamatof,215,375532,WO,2021
0266510,Salamatof,215,2984081,NG,2021
0266510,Salamatof,215,92790,WC,2021
0266510,Salamatof,215,386453,SUB,2021
0266550,Salcha,215,375532,WO,2021
0266550,Salcha,215,386453,SUB,2021
0266550,Salcha,215,38071,LFG,2021
0266550,Salcha,215,273652,LIG,2021
0266550,Salcha,215,672,JF,2021
0266550,Salcha,215,92790,WC,2021
0266550,Salcha,215,-3433,MWH,2021
0266550,Salcha,215,106468,DFO,2021
0266550,Salcha,215,567393,WAT,2021
0266550,Salcha,215,102061,WND,2021
0266550,Salcha,215,2984081,NG,2021
0267020,Sand Point,187,3596,DFO,2021
0267020,Sand Point,187,134,WND,2021
0267460,Savoonga,76,2473,DFO,2021
0267460,Savoonga,76,55,WND,2021
0267570,Saxman,217,279424,WAT,2021
0267570,Saxman,217,1277,DFO,2021
0267680,Scammon Bay,77,1711,DFO,2021
0268230,Selawik,78,2860,DFO,2021
0268340,Seldovia,215,92790,WC,2021
0268340,Seldovia,215,2984081,NG,2021
0268340,Seldovia,215,-3433,MWH,2021
0268340,Seldovia,215,672,JF,2021
0268340,Seldovia,215,38071,LFG,2021
0268340,Seldovia,215,106468,DFO,2021
0268340,Seldovia,215,273652,LIG,2021
0268340,Seldovia,215,375532,WO,2021
0268340,Seldovia,215,386453,SUB,2021
0268340,Seldovia,215,567393,WAT,2021
0268340,Seldovia,215,102061,WND,2021
0268370,Seldovia Village,215,106468,DFO,2021
0268370,Seldovia Village,215,273652,LIG,2021
0268370,Seldovia Village,215,567393,WAT,2021
0268370,Seldovia Village,215,672,JF,2021
0268370,Seldovia Village,215,2984081,NG,2021
0268370,Seldovia Village,215,38071,LFG,2021
0268370,Seldovia Village,215,92790,WC,2021
0268370,Seldovia Village,215,102061,WND,2021
0268370,Seldovia Village,215,375532,WO,2021
0268370,Seldovia Village,215,386453,SUB,2021
0268370,Seldovia Village,215,-3433,MWH,2021
0268560,Seward,215,92790,WC,2021
0268560,Seward,215,102061,WND,2021
0268560,Seward,215,375532,WO,2021
0268560,Seward,215,-3433,MWH,2021
0268560,Seward,215,567393,WAT,2021
0268560,Seward,215,386453,SUB,2021
0268560,Seward,215,273652,LIG,2021
0268560,Seward,215,106468,DFO,2021
0268560,Seward,215,672,JF,2021
0268560,Seward,215,2984081,NG,2021
0268560,Seward,215,38071,LFG,2021
0268670,Shageluk,79,434,DFO,2021
0268890,Shaktoolik,80,293,WND,2021
0268890,Shaktoolik,80,817,DFO,2021
0269770,Shishmaref,81,1851,DFO,2021
0270100,Shungnak,149,16,WND,2021
0270100,Shungnak,149,1634,DFO,2021
0270320,Silver Springs,216,25547,WO,2021
0270320,Silver Springs,216,58733,WAT,2021
0270320,Silver Springs,216,12132,DFO,2021
0270540,Sitka,219,-795,DFO,2021
0270540,Sitka,219,119388,WAT,2021
0270760,Skagway,32,24042,WAT,2021
0270760,Skagway,32,2873,DFO,2021
0270870,Skwentna,,,,
0270930,Slana,26,1424,DFO,2021
0271090,Sleetmute,147,295,DFO,2021
0271640,Soldotna,215,273652,LIG,2021
0271640,Soldotna,215,375532,WO,2021
0271640,Soldotna,215,38071,LFG,2021
0271640,Soldotna,215,106468,DFO,2021
0271640,Soldotna,215,92790,WC,2021
0271640,Soldotna,215,567393,WAT,2021
0271640,Soldotna,215,386453,SUB,2021
0271640,Soldotna,215,-3433,MWH,2021
0271640,Soldotna,215,672,JF,2021
0271640,Soldotna,215,2984081,NG,2021
0271640,Soldotna,215,102061,WND,2021
0272135,South Lakes,215,102061,WND,2021
0272135,South Lakes,215,567393,WAT,2021
0272135,South Lakes,215,38071,LFG,2021
0272135,South Lakes,215,273652,LIG,2021
0272135,South Lakes,215,106468,DFO,2021
0272135,South Lakes,215,2984081,NG,2021
0272135,South Lakes,215,375532,WO,2021
0272135,South Lakes,215,-3433,MWH,2021
0272135,South Lakes,215,386453,SUB,2021
0272135,South Lakes,215,92790,WC,2021
0272135,South Lakes,215,672,JF,2021
0272190,South Naknek,150,24329,DFO,2021
0272230,South Van Horn,215,38071,LFG,2021
0272230,South Van Horn,215,106468,DFO,2021
0272230,South Van Horn,215,92790,WC,2021
0272230,South Van Horn,215,375532,WO,2021
0272230,South Van Horn,215,386453,SUB,2021
0272230,South Van Horn,215,567393,WAT,2021
0272230,South Van Horn,215,2984081,NG,2021
0272230,South Van Horn,215,102061,WND,2021
0272230,South Van Horn,215,672,JF,2021
0272230,South Van Horn,215,-3433,MWH,2021
0272230,South Van Horn,215,273652,LIG,2021
0272960,Stebbins,84,3564,DFO,2021
0272985,Steele Creek,215,273652,LIG,2021
0272985,Steele Creek,215,102061,WND,2021
0272985,Steele Creek,215,106468,DFO,2021
0272985,Steele Creek,215,92790,WC,2021
0272985,Steele Creek,215,38071,LFG,2021
0272985,Steele Creek,215,672,JF,2021
0272985,Steele Creek,215,375532,WO,2021
0272985,Steele Creek,215,-3433,MWH,2021
0272985,Steele Creek,215,2984081,NG,2021
0272985,Steele Creek,215,386453,SUB,2021
0272985,Steele Creek,215,567393,WAT,2021
0273070,Sterling,215,38071,LFG,2021
0273070,Sterling,215,92790,WC,2021
0273070,Sterling,215,-3433,MWH,2021
0273070,Sterling,215,2984081,NG,2021
0273070,Sterling,215,273652,LIG,2021
0273070,Sterling,215,567393,WAT,2021
0273070,Sterling,215,672,JF,2021
0273070,Sterling,215,375532,WO,2021
0273070,Sterling,215,106468,DFO,2021
0273070,Sterling,215,386453,SUB,2021
0273070,Sterling,215,102061,WND,2021
0273290,Stevens Village,,,,
0273400,Stony River,148,136,DFO,2021
0273950,Sunrise,215,102061,WND,2021
0273950,Sunrise,215,106468,DFO,2021
0273950,Sunrise,215,-3433,MWH,2021
0273950,Sunrise,215,386453,SUB,2021
0273950,Sunrise,215,273652,LIG,2021
0273950,Sunrise,215,92790,WC,2021
0273950,Sunrise,215,567393,WAT,2021
0273950,Sunrise,215,2984081,NG,2021
0273950,Sunrise,215,672,JF,2021
0273950,Sunrise,215,38071,LFG,2021
0273950,Sunrise,215,375532,WO,2021
0274340,Susitna,,,,
0274350,Susitna North,215,-3433,MWH,2021
0274350,Susitna North,215,672,JF,2021
0274350,Susitna North,215,386453,SUB,2021
0274350,Susitna North,215,102061,WND,2021
0274350,Susitna North,215,375532,WO,2021
0274350,Susitna North,215,106468,DFO,2021
0274350,Susitna North,215,38071,LFG,2021
0274350,Susitna North,215,567393,WAT,2021
0274350,Susitna North,215,273652,LIG,2021
0274350,Susitna North,215,92790,WC,2021
0274350,Susitna North,215,2984081,NG,2021
0274525,Sutton-Alpine,215,2984081,NG,2021
0274525,Sutton-Alpine,215,567393,WAT,2021
0274525,Sutton-Alpine,215,-3433,MWH,2021
0274525,Sutton-Alpine,215,375532,WO,2021
0274525,Sutton-Alpine,215,102061,WND,2021
0274525,Sutton-Alpine,215,672,JF,2021
0274525,Sutton-Alpine,215,106468,DFO,2021
0274525,Sutton-Alpine,215,92790,WC,2021
0274525,Sutton-Alpine,215,38071,LFG,2021
0274525,Sutton-Alpine,215,273652,LIG,2021
0274525,Sutton-Alpine,215,386453,SUB,2021
0274610,Takotna,182,61,DFO,2021
0274830,Talkeetna,215,38071,LFG,2021
0274830,Talkeetna,215,273652,LIG,2021
0274830,Talkeetna,215,106468,DFO,2021
0274830,Talkeetna,215,102061,WND,2021
0274830,Talkeetna,215,-3433,MWH,2021
0274830,Talkeetna,215,375532,WO,2021
0274830,Talkeetna,215,672,JF,2021
0274830,Talkeetna,215,92790,WC,2021
0274830,Talkeetna,215,386453,SUB,2021
0274830,Talkeetna,215,567393,WAT,2021
0274830,Talkeetna,215,2984081,NG,2021
0275050,Tanacross,15,10384,DFO,2021
0275077,Tanaina,215,102061,WND,2021
0275077,Tanaina,215,106468,DFO,2021
0275077,Tanaina,215,92790,WC,2021
0275077,Tanaina,215,38071,LFG,2021
0275077,Tanaina,215,2984081,NG,2021
0275077,Tanaina,215,273652,LIG,2021
0275077,Tanaina,215,567393,WAT,2021
0275077,Tanaina,215,-3433,MWH,2021
0275077,Tanaina,215,375532,WO,2021
0275077,Tanaina,215,386453,SUB,2021
0275077,Tanaina,215,672,JF,2021
0275160,Tanana,184,1248,DFO,2021
0275380,Tatitlek,185,427,DFO,2021
0275480,Tazlina,216,25547,WO,2021
0275480,Tazlina,216,58733,WAT,2021
0275480,Tazlina,216,12132,DFO,2021
0275930,Teller,85,873,DFO,2021
0276260,Tenakee Springs,189,415,DFO,2021
0276590,Tetlin,15,10384,DFO,2021
0277140,Thorne Bay,23,1652,DFO,2021
0277140,Thorne Bay,23,30596,WAT,2021
0277690,Togiak,86,3271,DFO,2021
0277800,Tok,15,10384,DFO,2021
0278240,Toksook Bay,88,446,WND,2021
0278240,Toksook Bay,88,3270,DFO,2021
0278297,Tolsona,216,25547,WO,2021
0278297,Tolsona,216,12132,DFO,2021
0278297,Tolsona,216,58733,WAT,2021
0278350,Tonsina,,,,
0278680,Trapper Creek,215,375532,WO,2021
0278680,Trapper Creek,215,-3433,MWH,2021
0278680,Trapper Creek,215,2984081,NG,2021
0278680,Trapper Creek,215,672,JF,2021
0278680,Trapper Creek,215,273652,LIG,2021
0278680,Trapper Creek,215,386453,SUB,2021
0278680,Trapper Creek,215,38071,LFG,2021
0278680,Trapper Creek,215,92790,WC,2021
0278680,Trapper Creek,215,106468,DFO,2021
0278680,Trapper Creek,215,102061,WND,2021
0278680,Trapper Creek,215,567393,WAT,2021
0278790,Tuluksak,,,,
0279120,Tuntutuliak,191,1217,DFO,2021
0279120,Tuntutuliak,191,47,WND,2021
0279230,Tununak,88,3270,DFO,2021
0279230,Tununak,88,446,WND,2021
0279780,Twin Hills,86,3271,DFO,2021
0279830,Two Rivers,215,106468,DFO,2021
0279830,Two Rivers,215,273652,LIG,2021
0279830,Two Rivers,215,102061,WND,2021
0279830,Two Rivers,215,38071,LFG,2021
0279830,Two Rivers,215,92790,WC,2021
0279830,Two Rivers,215,-3433,MWH,2021
0279830,Two Rivers,215,2984081,NG,2021
0279830,Two Rivers,215,386453,SUB,2021
0279830,Two Rivers,215,567393,WAT,2021
0279830,Two Rivers,215,672,JF,2021
0279830,Two Rivers,215,375532,WO,2021
0279890,Tyonek,215,-3433,MWH,2021
0279890,Tyonek,215,386453,SUB,2021
0279890,Tyonek,215,102061,WND,2021
0279890,Tyonek,215,38071,LFG,2021
0279890,Tyonek,215,375532,WO,2021
0279890,Tyonek,215,2984081,NG,2021
0279890,Tyonek,215,567393,WAT,2021
0279890,Tyonek,215,273652,LIG,2021
0279890,Tyonek,215,672,JF,2021
0279890,Tyonek,215,106468,DFO,2021
0279890,Tyonek,215,92790,WC,2021
0280100,Ugashik,,,,
0280660,Unalakleet,194,3556,DFO,2021
0280660,Unalakleet,194,682,WND,2021
0280770,Unalaska,195,92227,DFO,2021
0281320,Upper Kalskag,52,1545,DFO,2021
0281920,Utqiagvik,221,47330,NG,2021
0281920,Utqiagvik,221,1,DFO,2021
0282200,Valdez,216,25547,WO,2021
0282200,Valdez,216,12132,DFO,2021
0282200,Valdez,216,58733,WAT,2021
0282420,Venetie,197,345,DFO,2021
0282750,Wainwright,166,7343,DFO,2021
0282860,Wales,90,661,DFO,2021
0283080,Wasilla,215,106468,DFO,2021
0283080,Wasilla,215,102061,WND,2021
0283080,Wasilla,215,38071,LFG,2021
0283080,Wasilla,215,273652,LIG,2021
0283080,Wasilla,215,567393,WAT,2021
0283080,Wasilla,215,-3433,MWH,2021
0283080,Wasilla,215,92790,WC,2021
0283080,Wasilla,215,672,JF,2021
0283080,Wasilla,215,2984081,NG,2021
0283080,Wasilla,215,375532,WO,2021
0283080,Wasilla,215,386453,SUB,2021
0284000,Whale Pass,213,485,DFO,2021
0284070,White Mountain,198,892,DFO,2021
0284120,Whitestone,215,273652,LIG,2021
0284120,Whitestone,215,-3433,MWH,2021
0284120,Whitestone,215,375532,WO,2021
0284120,Whitestone,215,92790,WC,2021
0284120,Whitestone,215,102061,WND,2021
0284120,Whitestone,215,106468,DFO,2021
0284120,Whitestone,215,567393,WAT,2021
0284120,Whitestone,215,38071,LFG,2021
0284120,Whitestone,215,2984081,NG,2021
0284120,Whitestone,215,672,JF,2021
0284120,Whitestone,215,386453,SUB,2021
0284200,Whitestone Logging Camp,,,,
0284510,Whittier,215,92790,WC,2021
0284510,Whittier,215,672,JF,2021
0284510,Whittier,215,106468,DFO,2021
0284510,Whittier,215,273652,LIG,2021
0284510,Whittier,215,567393,WAT,2021
0284510,Whittier,215,2984081,NG,2021
0284510,Whittier,215,38071,LFG,2021
0284510,Whittier,215,102061,WND,2021
0284510,Whittier,215,375532,WO,2021
0284510,Whittier,215,-3433,MWH,2021
0284510,Whittier,215,386453,SUB,2021
0285280,Willow,215,-3433,MWH,2021
0285280,Willow,215,375532,WO,2021
0285280,Willow,215,38071,LFG,2021
0285280,Willow,215,102061,WND,2021
0285280,Willow,215,106468,DFO,2021
0285280,Willow,215,567393,WAT,2021
0285280,Willow,215,273652,LIG,2021
0285280,Willow,215,2984081,NG,2021
0285280,Willow,215,386453,SUB,2021
0285280,Willow,215,92790,WC,2021
0285280,Willow,215,672,JF,2021
0285290,Willow Creek,216,25547,WO,2021
0285290,Willow Creek,216,12132,DFO,2021
0285290,Willow Creek,216,58733,WAT,2021
0285610,Wiseman,,,,
0285680,Womens Bay,223,25238,WND,2021
0285680,Womens Bay,223,132333,WAT,2021
0285680,Womens Bay,223,-537,MWH,2021
0285680,Womens Bay,223,4,DFO,2021
0286380,Wrangell,217,1277,DFO,2021
0286380,Wrangell,217,279424,WAT,2021
0286490,Yakutat,91,6507,DFO,2021
,,218,0,JF,2021
